retriever,dense_model,query_expansion,top_k,accuracy,mrr,recall_at_k,avg_rank,avg_latency,avg_cosine_sim,avg_memory_mb
bm25,,False,5,0.6,0.7569444444444445,0.6,1.8666666666666667,0.0,,547.85828125
dense,all-MiniLM-L6-v2,False,5,0.68,0.8071078431372549,0.68,1.6323529411764706,0.0,0.3534834786131978,436.44421875
dense,all-mpnet-base-v2,False,5,0.69,0.8120772946859904,0.69,1.5507246376811594,0.0,0.3821875512972474,440.3178125
hybrid,all-MiniLM-L6-v2,False,5,0.63,0.8246031746031747,0.63,1.5238095238095237,0.0,0.36609745923429726,1057.86390625
hybrid,all-mpnet-base-v2,False,5,0.63,0.8134920634920636,0.63,1.5555555555555556,0.0,0.4048525848984718,527.60078125
