retriever,dense_model,query_expansion,top_k,accuracy,mrr,recall_at_k,avg_rank,avg_latency,avg_cosine_sim,avg_memory_mb
bm25,all-MiniLM-L6-v2,False,5,0.6,0.6655555555555555,0.6,2.2333333333333334,0.0,,1545.3578125
bm25,all-MiniLM-L6-v2,True,5,0.6,0.6655555555555555,0.62,2.2333333333333334,0.0,,2117.0978125
dense,all-MiniLM-L6-v2,False,5,0.72,0.8166666666666667,0.72,1.6388888888888888,0.0,0.3391989246755838,1687.359375
dense,all-MiniLM-L6-v2,True,5,0.72,0.8166666666666667,0.74,1.6388888888888888,0.0,0.3391989246755838,2409.5784375
hybrid,all-MiniLM-L6-v2,False,5,0.64,0.7875,0.64,1.65625,0.0,0.33154859762638805,1839.0796875
hybrid,all-MiniLM-L6-v2,True,5,0.64,0.7875,0.66,1.65625,0.0,0.33154859762638805,2338.3021875
